{
  "step_tidy_up": 0.1332545280456543,
  "step_pre_streamline": 0.04629039764404297,
  "step_streamline": 3.3267574310302734,
  "step_convert_to_hw": 0.1325829029083252,
  "step_convert_final_layers": 0.032769203186035156,
  "step_create_dataflow_partition": 0.02191638946533203,
  "step_specialize_layers": 0.030120849609375,
  "step_target_fps_parallelization": 0.06048011779785156,
  "step_apply_folding_config": 5.0067901611328125e-06,
  "step_minimize_bit_width": 0.4849677085876465,
  "step_generate_estimate_reports": 0.061327457427978516,
  "step_hw_codegen": 16.50544023513794,
  "step_hw_ipgen": 112.35455775260925,
  "step_set_fifo_depths": 342.8427391052246,
  "step_create_stitched_ip": 288.3208591938019,
  "step_measure_rtlsim_performance": 6.9141387939453125e-06,
  "step_out_of_context_synthesis": 2.6226043701171875e-06,
  "step_synthesize_bitfile": 2102.278435945511,
  "step_make_pynq_driver": 0.15256738662719727,
  "step_deployment_package": 0.014594316482543945
}