{
  "N_IN_TXNS": 1024,
  "N_OUT_TXNS": 1,
  "cycles": 203793,
  "N": 1,
  "latency_cycles": 203793,
  "runtime[ms]": 0.8151720000000001,
  "throughput[images/s]": 1226.734971269867,
  "fclk[mhz]": 250.0,
  "stable_throughput[images/s]": 1226.734971269867
}