{
  "step_tidy_up": 0.19865870475769043,
  "step_pre_streamline": 0.06739497184753418,
  "step_streamline": 4.87266993522644,
  "step_convert_to_hw": 0.1898179054260254,
  "step_convert_final_layers": 0.04670262336730957,
  "step_create_dataflow_partition": 0.03077411651611328,
  "step_specialize_layers": 0.03894948959350586,
  "step_target_fps_parallelization": 0.09246110916137695,
  "step_apply_folding_config": 2.86102294921875e-06,
  "step_minimize_bit_width": 0.4474167823791504,
  "step_generate_estimate_reports": 0.0963129997253418,
  "step_hw_codegen": 10.755726337432861,
  "step_hw_ipgen": 126.28880310058594,
  "step_set_fifo_depths": 431.763601064682,
  "step_create_stitched_ip": 305.2431070804596,
  "step_measure_rtlsim_performance": 17.020944356918335,
  "step_out_of_context_synthesis": 3.5762786865234375e-06,
  "step_synthesize_bitfile": 2234.7532708644867,
  "step_make_pynq_driver": 0.24302244186401367,
  "step_deployment_package": 0.018110036849975586
}